# 第二章：基础查询与排序

-----

# 2.1 SELECT语句基础

## 2.1.1 从表中选取数据

### SELECT语句

从表中选取数据时需要使用SELECT语句。

基本SELECT语句包含了SELECT和FROM两个子句（clause）：

``` sql
SELECT <列名>,
  FROM <表名>;
```

其中，SELECT子句中列举了希望从表中查询出的列的名称，而FROM子句则指定了选取出数据的表的名称。

## 2.1.2 从表中选取符合条件的数据

### WHERE语句

选取出满足某些条件的数据时，使用WHERE语句。

SELECT 语句通过WHERE子句来指定查询数据的条件。在WHERE 子句中可以指定条件。

``` sql
SELECT <列名>, ……
  FROM <表名>
 WHERE <条件表达式>;
```

比较下面两者输出结果的不同：

``` sql
-- 用来选取product type列为衣服的记录的SELECT语句
SELECT product_name, product_type
  FROM product
 WHERE product_type = '衣服';
-- 也可以选取出不是查询条件的列（条件列与输出列不同）
SELECT product_name
  FROM product
 WHERE product_type = '衣服';
```

执行结果

``` 
+--------------+--------------+
| product_name | product_type |
+--------------+--------------+
| T恤          | 衣服         |
| 运动T恤      | 衣服         |
+--------------+--------------+
2 rows in set (0.00 sec)

+--------------+
| product_name |
+--------------+
| T恤          |
| 运动T恤      |
+--------------+
2 rows in set (0.00 sec)

```

## 2.1.3 相关法则

  - 星号（\*）代表全部列。
  - SQL中可以随意使用换行符，不影响语句执行（但不可插入空行）。
  - 设定汉语别名时需要使用双引号（"）括起来。
  - 在SELECT语句中使用DISTINCT可以删除重复行。
  - 注释是SQL语句中用来标识说明或者注意事项的部分。分为1行注释"-- "和多行注释两种"/\*  \*/"。

``` sql
-- 想要查询出全部列时，可以使用代表所有列的星号（*）。
SELECT *
  FROM <表名>；
-- SQL语句可以使用AS关键字为列设定别名（用中文时需要双引号（“”））。
SELECT product_id     As id,
       product_name   As name,
       purchase_price AS "进货单价"
  FROM product;
-- 使用DISTINCT删除product_type列中重复的数据
SELECT DISTINCT product_type
  FROM product;
```

执行结果

``` 
+------+------------+--------------+
| id   | name       | 进货单价     |
+------+------------+--------------+
| 0001 | T恤        |          500 |
| 0002 | 打孔器     |          320 |
| 0003 | 运动T恤    |         2800 |
| 0004 | 菜刀       |         2800 |
| 0005 | 高压锅     |         5000 |
| 0006 | 叉子       |         NULL |
| 0007 | 擦菜板     |          790 |
| 0008 | 圆珠笔     |         NULL |
+------+------------+--------------+
8 rows in set (0.00 sec)

+--------------+
| product_type |
+--------------+
| 衣服         |
| 办公用品     |
| 厨房用具     |
+--------------+
3 rows in set (0.00 sec)

```

# 2.2 算术运算符和比较运算符

## 2.2.1 算术运算符

SQL语句中可以使用的四则运算的主要运算符如下：

|含义|运算符|
|:----|:----|
|加法|+|
|减法|-|
|乘法|\*|
|除法|/|

## 2.2.2 比较运算符

``` sql
-- 选取出sale_price列为500的记录
SELECT product_name, product_type
  FROM product
 WHERE sale_price = 500;
```

SQL常见比较运算符如下：
|运算符|含义|
|:----|:----|
| = |和 ~ 相等|
| \<\> |和 ~ 不相等|
| \>= |大于等于 ~ |
| \> |大于 ~ |
| \<= |小于等于 ~ |
| \< |小于 ~ |

## 2.2.3 常用法则

  - SELECT子句中可以使用常数或者表达式。
  - 使用比较运算符时一定要注意不等号和等号的位置。
  - 字符串类型的数据原则上按照字典顺序进行排序。
  - 希望选取NULL记录时，需要在条件表达式中使用IS NULL运算符。
  - 希望选取不是NULL的记录时，需要在条件表达式中使用IS NOT NULL运算符。

相关代码如下：

``` sql
-- SQL语句中也可以使用运算表达式
SELECT product_name, sale_price, sale_price * 2 AS "sale_price x2"
  FROM product;
-- WHERE子句的条件表达式中也可以使用计算表达式
SELECT product_name, sale_price, purchase_price
  FROM product
 WHERE sale_price - purchase_price >= 500;
/* 对字符串使用不等号
首先创建chars并插入数据
选取出大于‘2’的SELECT语句*/
-- DDL：创建表
CREATE TABLE chars
（chr CHAR（3）NOT NULL,
PRIMARY KEY（chr））;
-- 选取出大于'2'的数据的SELECT语句('2'为字符串)
SELECT chr
  FROM chars
 WHERE chr > '2';
-- 选取NULL的记录
SELECT product_name, purchase_price
  FROM product
 WHERE purchase_price IS NULL;
-- 选取不为NULL的记录
SELECT product_name, purchase_price
  FROM product
 WHERE purchase_price IS NOT NULL;
```

执行结果

``` 
+--------------+------------+---------------+
| product_name | sale_price | sale_price x2 |
+--------------+------------+---------------+
| T恤          |       1000 |          2000 |
| 打孔器       |        500 |          1000 |
| 运动T恤      |       4000 |          8000 |
| 菜刀         |      30000 |         60000 |
| 高压锅       |      68000 |        136000 |
| 叉子         |       5000 |         10000 |
| 擦菜板       |       8800 |         17600 |
| 圆珠笔       |        100 |           200 |
+--------------+------------+---------------+
8 rows in set (0.00 sec)

+--------------+------------+----------------+
| product_name | sale_price | purchase_price |
+--------------+------------+----------------+
| T恤          |       1000 |            500 |
| 运动T恤      |       4000 |           2800 |
| 菜刀         |      30000 |           2800 |
| 高压锅       |      68000 |           5000 |
| 擦菜板       |       8800 |            790 |
+--------------+------------+----------------+
5 rows in set (0.00 sec)

+-----+
| chr |
+-----+
| 222 |
| 3   |
+-----+
2 rows in set (0.00 sec)

+--------------+----------------+
| product_name | purchase_price |
+--------------+----------------+
| 叉子         |           NULL |
| 圆珠笔       |           NULL |
+--------------+----------------+
2 rows in set (0.00 sec)

+--------------+----------------+
| product_name | purchase_price |
+--------------+----------------+
| T恤          |            500 |
| 打孔器       |            320 |
| 运动T恤      |           2800 |
| 菜刀         |           2800 |
| 高压锅       |           5000 |
| 擦菜板       |            790 |
+--------------+----------------+
6 rows in set (0.00 sec)

```

# 2.3 逻辑运算符

## 2.3.1 NOT运算符

表示否定、使用范围更广。

NOT不能单独使用，必须和其他查询条件组合起来使用。

NOT 运算符可读性明显不如显式指定查询条件，因此，不可滥用该运算符。

## 2.3.2 AND运算符和OR运算符

同时使用多个查询条件时，使用AND或者OR运算符。

AND 相当于“并且”，类似数学中的取交集；

OR 相当于“或者”，类似数学中的取并集。

### 通过括号优先处理

| 运算符优先级由高到低排列 |
| :--- |
|\!|
|—（负号）、一（位反转|
|^（按位异或） 4|
|\*,/,DIV,%,MOD|
|-（减号）、＋|
|\<\<、\>\>|
|&|
|||
|＝（比较运算）、＜＝＞、＞＝、＞、＜＝、＜、＜＞、！＝、IS、LIKE、REGEXP、IN、MEMBER OF|
|BETWEEN、CASE、WHEN、THEN、ELSE|
|NOT|
|&&、AND|
|XOR|
| ||  、OR|
|＝（赋值运算）、：＝|

## 2.3.3 真值表

复杂的逻辑表达式可借助**真值表**理解逻辑关系。

具体知识同离散数学。

### 含有NULL时的真值

NULL的真值结果既不为真，也不为假，因为并不知道这样一个值。

这时值是除真假之外的第三种值——**不确定**（UNKNOWN）。一般的逻辑运算并不存在这第三种值。SQL 之外的语言也基本上只使用真和假这两种真值。与通常的逻辑运算被称为二值逻辑相对，只有 SQL 中的逻辑运算被称为三值逻辑。

此时逻辑运算真值表如下：

**AND**
| P | Q | P AND Q |
| :---: | :---: | :---: |
| T | T | T |
| T | F | F |
| T | N | N |
| F | T | F |
| F | F | F |
| F | N | F |
| N | T | N |
| N | F | F |
| N | N | N |

**OR**
| P | Q | P OR Q |
| :---: | :---: | :---: |
| T | T | T |
| T | F | T |
| T | N | T |
| F | T | T |
| F | F | F |
| F | N | N |
| N | T | T |
| N | F | N |
| N | N | N |

## 练习题-第一部分（请给出代码、包含代码及代码执行结果的截图）

### 2.1

编写一条SQL语句，从 `product`(商品) 表中选取出“登记日期(`regist_date`)在2009年4月28日之后”的商品，查询结果要包含 `product_name` 和 `regist_date` 两列。

``` sql
SELECT product_name, regist_date
  FROM product
 WHERE regist_date > '2009-04-28';
```

执行结果

``` 
+--------------+-------------+
| product_name | regist_date |
+--------------+-------------+
| T恤          | 2009-10-10  |
| 打孔器       | 2009-10-10  |
| 运动T恤      | 2009-10-10  |
| 菜刀         | 2009-10-10  |
| 高压锅       | 2009-10-10  |
| 叉子         | 2009-10-10  |
| 擦菜板       | 2009-10-10  |
+--------------+-------------+
7 rows in set (0.00 sec)

```

附图
![2.1.png](/img/2.1.png)

### 2.2

请说出对product 表执行如下3条SELECT语句时的返回结果。

①

``` sql
SELECT *
  FROM product
 WHERE purchase_price = NULL;
```

答： 空表。

②

``` sql
SELECT *
  FROM product
 WHERE purchase_price <> NULL;
```

答： 空表。

③

``` sql
SELECT *
  FROM product
 WHERE product_name > NULL;
```

答： 空表。

### 2.3

`2.2.3` 章节中的SELECT语句能够从 `product` 表中取出“销售单价（`sale_price`）比进货单价（`purchase_price`）高出500日元以上”的商品。请写出两条可以得到相同结果的SELECT语句。执行结果如下所示：

``` sql
product_name | sale_price | purchase_price
-------------+------------+------------
T恤衫        | 　 1000    | 500
运动T恤      |    4000    | 2800
高压锅       |    6800    | 5000
```

``` sql
SELECT product_name, sale_price, purchase_price
  FROM product
 WHERE sale_price - purchase_price >= 500;

SELECT product_name, sale_price, purchase_price
  FROM product
 WHERE sale_price >= purchase_price + 500;
```

执行结果

``` 
+--------------+------------+----------------+
| product_name | sale_price | purchase_price |
+--------------+------------+----------------+
| T恤          |       1000 |            500 |
| 运动T恤      |       4000 |           2800 |
| 菜刀         |      30000 |           2800 |
| 高压锅       |      68000 |           5000 |
| 擦菜板       |       8800 |            790 |
+--------------+------------+----------------+
5 rows in set (0.00 sec)

+--------------+------------+----------------+
| product_name | sale_price | purchase_price |
+--------------+------------+----------------+
| T恤          |       1000 |            500 |
| 运动T恤      |       4000 |           2800 |
| 菜刀         |      30000 |           2800 |
| 高压锅       |      68000 |           5000 |
| 擦菜板       |       8800 |            790 |
+--------------+------------+----------------+
5 rows in set (0.00 sec)

```

附图
![2.3.png](/img/2.3.png)

### 2.4

请写出一条SELECT语句，从 `product` 表中选取出满足“销售单价打九折之后利润高于 `100` 日元的办公用品和厨房用具”条件的记录。查询结果要包括 `product_name`列、`product_type` 列以及销售单价打九折之后的利润（别名设定为 `profit`）。

提示：销售单价打九折，可以通过 `sale_price` 列的值乘以0.9获得，利润可以通过该值减去 `purchase_price` 列的值获得。

``` sql
SELECT product_name, product_type, sale_price * 0.9 - purchase_price AS profit
  FROM product
 WHERE sale_price * 0.9 - purchase_price > 100;
```

执行结果

``` 
+--------------+--------------+---------+
| product_name | product_type | profit  |
+--------------+--------------+---------+
| T恤          | 衣服         |   400.0 |
| 打孔器       | 办公用品     |   130.0 |
| 运动T恤      | 衣服         |   800.0 |
| 菜刀         | 厨房用具     | 24200.0 |
| 高压锅       | 厨房用具     | 56200.0 |
| 擦菜板       | 厨房用具     |  7130.0 |
+--------------+--------------+---------+
6 rows in set (0.00 sec)

```

附图
![2.4.png](/img/2.4.png)

# 2.4 对表进行聚合查询

## 2.4.1 聚合函数

SQL中用于汇总的函数叫做聚合函数。以下五个是最常用的聚合函数：

  - SUM：计算表中某数值列中的合计值

  - AVG：计算表中某数值列中的平均值

  - MAX：计算表中任意列中数据的最大值，包括文本类型和数字类型

  - MIN：计算表中任意列中数据的最小值，包括文本类型和数字类型

  - COUNT：计算表中的记录条数（行数）

``` sql
-- 计算销售单价和进货单价的合计值
SELECT SUM(sale_price), SUM(purchase_price)
  FROM product;
-- 计算销售单价和进货单价的平均值
SELECT AVG(sale_price), AVG(purchase_price)
  FROM product;
-- 计算销售单价的最大值和最小值
SELECT MAX(sale_price), MIN(sale_price)
  FROM product;
-- MAX和MIN也可用于非数值型数据
SELECT MAX(regist_date), MIN(regist_date)
  FROM product;
-- 计算全部数据的行数（包含 NULL 所在行）
SELECT COUNT(*)
  FROM product;
-- 计算 NULL 以外数据的行数
SELECT COUNT(purchase_price)
  FROM product;
```

执行结果

``` 
+-----------------+---------------------+
| SUM(sale_price) | SUM(purchase_price) |
+-----------------+---------------------+
|          117400 |               12210 |
+-----------------+---------------------+
1 row in set (0.00 sec)

+-----------------+---------------------+
| AVG(sale_price) | AVG(purchase_price) |
+-----------------+---------------------+
|      14675.0000 |           2035.0000 |
+-----------------+---------------------+
1 row in set (0.01 sec)

+-----------------+-----------------+
| MAX(sale_price) | MIN(sale_price) |
+-----------------+-----------------+
|           68000 |             100 |
+-----------------+-----------------+
1 row in set (0.00 sec)

+------------------+------------------+
| MAX(regist_date) | MIN(regist_date) |
+------------------+------------------+
| 2009-10-10       | 2009-10-10       |
+------------------+------------------+
1 row in set (0.00 sec)

+----------+
| COUNT(*) |
+----------+
|        8 |
+----------+
1 row in set (0.00 sec)

+-----------------------+
| COUNT(purchase_price) |
+-----------------------+
|                     6 |
+-----------------------+
1 row in set (0.00 sec)

```

### 使用 DISTINCT 进行删除重复值的聚合运算

`DISTINCT` 函数用于删除重复数据， 聚合函数之前，加上 `DISTINCT` 关键字就可以实现去重需求。

``` SQL
SELECT COUNT(DISTINCT product_type)
  FROM product;
```

执行结果

``` 
+------------------------------+
| COUNT(DISTINCT product_type) |
+------------------------------+
|                            3 |
+------------------------------+
1 row in set (0.00 sec)

```

## 2.4.2 聚合函数应用法则

  - COUNT 聚合函数运算结果与参数有关，COUNT(\*) / COUNT(1) 得到包含 NULL 值的所有行，COUNT(\<列名\>) 得到不包含 NULL 值的所有行。

  - 聚合函数不处理包含 NULL 值的行，但是 COUNT(\*) 除外。

  - MAX / MIN 函数适用于文本类型和数字类型的列，而 SUM / AVG 函数仅适用于数字类型的列。

  - 在聚合函数的参数中使用 DISTINCT 关键字，可以得到删除重复值的聚合结果。

# 2.5 对表进行分组

## 2.5.1 GROUP BY语句

之前使用聚合函数都是会将整个表的数据进行处理，当你想将进行分组汇总时（即：将现有的数据按照某列来汇总统计），GROUP BY可以帮助你：

``` sql
SELECT <列名1>,<列名2>, <列名3>, ……
  FROM <表名>
 GROUP BY <列名1>, <列名2>, <列名3>, ……;
```

看一看是否使用GROUP BY语句的差异：

``` sql
-- 按照商品种类统计数据行数
SELECT product_type, COUNT(*)
  FROM product
 GROUP BY product_type;
 -- 不含GROUP BY
SELECT product_type, COUNT(*)
  FROM product
```

执行结果

``` 
+--------------+----------+
| product_type | COUNT(*) |
+--------------+----------+
| 衣服         |        2 |
| 办公用品     |        2 |
| 厨房用具     |        4 |
+--------------+----------+
3 rows in set (0.00 sec)

ERROR 1140 (42000): In aggregated query without GROUP BY, expression #1 of SELECT list contains nonaggregated column 'shop.product.product_type'; this is incompatible with sql_mode=only_full_group_by

```

在 GROUP BY 子句中指定的列称为**聚合键**或者**分组列**。

### 聚合键中包含NULL时

将进货单价（purchase\_price）作为聚合键举例：

``` sql
SELECT purchase_price, COUNT(*)
  FROM product
 GROUP BY purchase_price;
```

此时会将NULL作为一组特殊数据进行聚合运算

### GROUP BY书写位置

GROUP BY的子句书写顺序有严格要求，不按要求会导致SQL无法正常执行，目前出现过的子句顺序为：

1.  SELECT :arrow\_right:&#9; 2. FROM :arrow\_right:&#9; 3. WHERE :arrow\_right:&#9; 4. GROUP BY

其中前三项用于筛选数据，GROUP BY对筛选出的数据进行处理

### 在WHERE子句中使用GROUP BY

``` sql
SELECT purchase_price, COUNT(*)
  FROM product
 WHERE product_type = '衣服'
 GROUP BY purchase_price;
```

## 2.5.2 常见错误

在使用聚合函数及GROUP BY子句时，经常出现的错误有：

1.  在聚合函数的SELECT子句中写了聚合键以外的列使用COUNT等聚合函数时，SELECT子句中如果出现列名，只能是GROUP BY子句中指定的列名（也就是聚合键）。
2.  在GROUP BY子句中使用列的别名SELECT子句中可以通过AS来指定别名，但在GROUP BY中不能使用别名。因为在DBMS中 ,SELECT子句在GROUP BY子句后执行。
3.  在WHERE中使用聚合函数原因是聚合函数的使用前提是结果集已经确定，而WHERE还处于确定结果集的过程中，所以相互矛盾会引发错误。 如果想指定条件，可以在SELECT，HAVING（下面马上会讲）以及ORDER BY子句中使用聚合函数。

# 2.6 为聚合结果指定条件

## 2.6.1 用 HAVING 得到特定分组

得到分组聚合结果的部分结果可以在 GROUP BY 后使用 HAVING 子句。

值得注意的是：HAVING 子句必须与 GROUP BY 子句配合使用，
且限定的是分组聚合结果，WHERE 子句是限定数据行（包括分组列）。

## 2.6.2 HAVING特点

HAVING子句用于对分组进行过滤，可以使用常数、聚合函数和GROUP BY中指定的列名（聚合键）。

``` sql
-- 常数
SELECT product_type, COUNT(*)
  FROM product
 GROUP BY product_type
HAVING COUNT(*) = 2;

-- 错误形式（因为product_name不包含在GROUP BY聚合键中）
SELECT product_type, COUNT(*)
  FROM product
 GROUP BY product_type
HAVING product_name = '圆珠笔';
```

执行结果

``` 
+--------------+----------+
| product_type | COUNT(*) |
+--------------+----------+
| 衣服         |        2 |
| 办公用品     |        2 |
+--------------+----------+
2 rows in set (0.00 sec)

```

# 2.7 对查询结果进行排序

## 2.7.1 ORDER BY

按照顺序排序，需使用 **ORDER BY** 子句。

``` sql
SELECT <列名1>, <列名2>, <列名3>, ……
  FROM <表名>
 ORDER BY <排序基准列1> [ASC, DESC], <排序基准列2> [ASC, DESC], ……
```

其中，参数 ASC 表示升序排列，DESC 表示降序排列，默认为升序，此时，参数 ASC 可以缺省。

如下代码将得到按照销售价格倒序排列的查询结果：

``` sql
-- 降序排列
SELECT product_id, product_name, sale_price, purchase_price
  FROM product
 ORDER BY sale_price DESC;
```

执行结果

``` 
+------------+--------------+------------+----------------+
| product_id | product_name | sale_price | purchase_price |
+------------+--------------+------------+----------------+
| 0005       | 高压锅       |      68000 |           5000 |
| 0004       | 菜刀         |      30000 |           2800 |
| 0007       | 擦菜板       |       8800 |            790 |
| 0006       | 叉子         |       5000 |           NULL |
| 0003       | 运动T恤      |       4000 |           2800 |
| 0001       | T恤          |       1000 |            500 |
| 0002       | 打孔器       |        500 |            320 |
| 0008       | 圆珠笔       |        100 |           NULL |
+------------+--------------+------------+----------------+
8 rows in set (0.00 sec)

```

如果有多列排序需求，只需在 ORDER BY 子句中依次书写排序列 + 排序参数即可，详见如下代码：

``` SQL
-- 多个排序键
SELECT product_id, product_name, sale_price, purchase_price
  FROM product
 ORDER BY sale_price, product_id;
```

执行结果

``` 
+------------+--------------+------------+----------------+
| product_id | product_name | sale_price | purchase_price |
+------------+--------------+------------+----------------+
| 0008       | 圆珠笔       |        100 |           NULL |
| 0002       | 打孔器       |        500 |            320 |
| 0001       | T恤          |       1000 |            500 |
| 0003       | 运动T恤      |       4000 |           2800 |
| 0006       | 叉子         |       5000 |           NULL |
| 0007       | 擦菜板       |       8800 |            790 |
| 0004       | 菜刀         |      30000 |           2800 |
| 0005       | 高压锅       |      68000 |           5000 |
+------------+--------------+------------+----------------+
8 rows in set (0.00 sec)

```

需要特别说明的是：由于 NULL 无法使用比较运算符进行比较，也就是说，无法与文本类型，数字类型，日期类型等进行比较，当排序列存在 NULL 值时，NULL 结果会展示在查询结果的开头或者末尾。

``` SQL
-- 当用于排序的列名中含有NULL时，NULL会在开头或末尾进行汇总。
SELECT product_id, product_name, sale_price, purchase_price
  FROM product
 ORDER BY purchase_price;
```

执行结果

``` 
+------------+--------------+------------+----------------+
| product_id | product_name | sale_price | purchase_price |
+------------+--------------+------------+----------------+
| 0006       | 叉子         |       5000 |           NULL |
| 0008       | 圆珠笔       |        100 |           NULL |
| 0002       | 打孔器       |        500 |            320 |
| 0001       | T恤          |       1000 |            500 |
| 0007       | 擦菜板       |       8800 |            790 |
| 0003       | 运动T恤      |       4000 |           2800 |
| 0004       | 菜刀         |      30000 |           2800 |
| 0005       | 高压锅       |      68000 |           5000 |
+------------+--------------+------------+----------------+
8 rows in set (0.00 sec)

```

## 2.7.2 ORDER BY 子句中使用别名

GROUP BY 子句中不能使用SELECT 子句中定义的别名。
在 ORDER BY 子句中可以使用别名。

原因 SQL  语句的执行顺序为：

FROM → WHERE → GROUP BY → SELECT → HAVING → ORDER BY

其中 SELECT 的执行顺序在 GROUP BY 子句之后，ORDER BY 子句之前。

当在 ORDER BY 子句中使用别名时，已经知道了 SELECT 子句设置的别名，但是在 GROUP BY 子句执行时还不知道别名的存在，所以在 ORDER BY 子句中可以使用别名，但是在GROUP BY中不能使用别名。

## 2.7.3 ORDER BY 遇上 NULL

在MySQL中，`NULL` 值被认为比任何 `非NULL` 值低，因此，当顺序为 ASC（升序）时，`NULL` 值出现在第一位，而当顺序为 DESC（降序）时，则排序在最后。

如果想指定存在 `NULL` 的行出现在首行或者末行，需要特殊处理。

一般有如下两种需求：

  - 将 `NULL` 值排在末行，同时将所有 `非NULL` 值按升序排列。

对于数字或者日期类型，可以在排序字段前添加一个负号（minus）来得到反向排序。（`-1、-2、-3....-∞`）

``` SQL
SELECT * FROM user
 ORDER BY -date_login DESC;
```

对于字符型或者字符型数字，此方法不一定能得到期望的排序结果，可以使用 `IS NULL` 比较运算符。另外 `ISNULL( )` 函数等同于使用 `IS NULL` 比较运算符。

``` SQL
-- IS NULL
SELECT * FROM user
 ORDER BY name IS NULL ASC,name ASC;

-- ISNULL()
SELECT * FROM user
 ORDER BY ISNULL(name) ASC,name ASC;
```

上述语句先使用 `ISNULL(name)` 字段进行升序排列，而只有当 `name` 列值为 `NULL` 时，`ISNULL(name)` 才为真，所以其排到末行，而 `name ASC` 则实现了 `非NULL` 值升序排列。

还可以使用 `COALESCE` 函数实现需求

``` SQL
SELECT * FROM user
 ORDER BY COALESCE(name, 'zzzzz') ASC;
```

  - 将 `NULL` 值排在首行，同时将所有 `非NULL` 值按倒序排列。

对于数字或者日期类型，可以在排序字段前添加一个负号（minus）来实现。（`-∞...-3、-2、-1`）

``` SQL
SELECT * FROM user
 ORDER BY -date_login ASC;
```

对于字符型或者字符型数字，此方法不一定能得到期望的排序结果，可以使用 `IS NOT NULL` 比较运算符。另外 `!ISNULL( )` 函数等同于使用 `IS NOT NULL` 比较运算符。

``` SQL
-- IS NOT NULL
SELECT * FROM user
 ORDER BY name IS NOT NULL ASC,name DESC;

-- !ISNULL()
SELECT * FROM user
 ORDER BY !ISNULL(name) ASC,name DESC;
```

上述语句先使用 `!ISNULL(name)` 字段进行升序排列，而只有当 `name` 列值不为 `NULL` 时，`!ISNULL(name)` 才为真，所以其排到说行，而 `name DESC` 则实现了 `非NULL` 值降序排列。

还可以使用 `COALESCE` 函数实现需求

``` SQL
SELECT * FROM user
 ORDER BY COALESCE(name, 'zzzzz') DESC;
```

## 练习题-第二部分（请给出代码、包含代码及代码执行结果的截图）

### 2.5

请指出下述SELECT语句中所有的语法错误。

``` sql
SELECT product_id, SUM（product_name）
--本SELECT语句中存在错误。
  FROM product
 GROUP BY product_type
 WHERE regist_date > '2009-09-01';
```

答： SELECT 语句中非聚合函数列与 GROUP 语句不是同一列。

### 2.6

请编写一条SELECT语句，求出销售单价（ `sale_price` 列）合计值大于进货单价（ `purchase_price` 列）合计值1.5倍的商品种类。执行结果如下所示。

``` sql
product_type | sum  | sum
-------------+------+------
衣服         | 5000 | 3300
办公用品      |  600 | 320
```

``` sql
SELECT product_type, SUM(sale_price), SUM(purchase_price)
  FROM product
 GROUP BY product_type
HAVING SUM(sale_price) > SUM(purchase_price) * 1.5 ;
```

执行结果

``` 
+--------------+-----------------+---------------------+
| product_type | SUM(sale_price) | SUM(purchase_price) |
+--------------+-----------------+---------------------+
| 衣服         |            5000 |                3300 |
| 办公用品     |             600 |                 320 |
| 厨房用具     |          111800 |                8590 |
+--------------+-----------------+---------------------+
3 rows in set (0.00 sec)

```

附图
![2.6.png](/img/2.6.png)

### 2.7

此前我们曾经使用SELECT语句选取出了product（商品）表中的全部记录。当时我们使用了 `ORDER BY` 子句来指定排列顺序，但现在已经无法记起当时如何指定的了。请根据下列执行结果，思考 `ORDER BY` 子句的内容。

![图片](./img/ch02.09test27.png)

``` sql
SELECT *
  FROM product
 ORDER BY regist_date IS NOT NULL ASC, regist_date DESC;
```
