# 第四章：集合运算

# 4.1 表的加减法

## 4.1.1 什么是集合运算

`集合`在数据库领域表示记录的集合。
具体来说， 表、 视图和查询的执行结果都是记录的集合， 其中的元素为表或者查询结果中的每一行。

在标准 SQL 中, 分别对检索结果使用 `UNION`, `INTERSECT,` `EXCEPT` 来将检索结果进行并,交和差运算。

像`UNION`,`INTERSECT`, `EXCEPT`这种用来进行集合运算的运算符称为集合运算符。

在数据库中， 所有的表--以及查询结果--都可以视为集合。
因此也可以把表视为集合进行上述集合运算。

## 4.1.2 表的加法--UNION

### 4.1.2.1 UNION

重建表如第一章。

演示UNION的具体用法及查询结果:

``` sql
SELECT product_id, product_name
  FROM product
 UNION
SELECT product_id, product_name
  FROM product2;
```

``` 
+------------+--------------+
| product_id | product_name |
+------------+--------------+
| 0001       | T恤          |
| 0002       | 打孔器       |
| 0003       | 运动T恤      |
| 0004       | 菜刀         |
| 0005       | 高压锅       |
| 0006       | 叉子         |
| 0007       | 擦菜板       |
| 0008       | 圆珠笔       |
| 0009       | 手套         |
| 0010       | 水壶         |
+------------+--------------+
10 rows in set (0.00 sec)

```

上述结果包含了两张表中的全部商品.

**UNION 等集合运算符通常都会除去重复的记录**。

上述查询是对不同的两张表进行求并集运算. 对于同一张表, 实际上也是可以进行求并集的。

**练习题:**

假设连锁店想要增加成本利润率超过 50%或者售价低于 800 的货物的存货量, 请使用 UNION 对分别满足上述两个条件的商品的查询结果求并集。

结果应该类似于:

![图片](/img/ch04.04result.png)

``` sql
-- 参考答案:
SELECT  product_id,product_name,product_type
       ,sale_price,purchase_price
  FROM pRODUCT
 WHERE sale_price<800

 UNION

SELECT  product_id,product_name,product_type
       ,sale_price,purchase_price
  FROM pRODUCT
 WHERE sale_price>1.5*purchase_price;
```

不使用 UNION

``` sql
-- 参考答案:
SELECT  product_id,product_name,product_type
       ,sale_price,purchase_price
  FROM pRODUCT
 WHERE sale_price < 800
    OR sale_price > 1.5 * purchase_price;
```

### 4.1.2.2 UNION 与 OR 谓词

在同一个表里， 使用 `UNION` 对结果去并集， 和在查询的 `WHERE` 语句中使用 `OR` 谓词连接两个查询条件， 能够得到相同的结果。

对于不同的表， 只能使用 `UNION` 。

对于同一张表, 有时也会出于查询效率方面的因素来使用 UNION。

**练习题 :**

分别使用 UNION 或者 OR 谓词,找出成本利润率不足 30%或成本利润率未知的商品。

参考答案:

``` sql
-- 使用 OR 谓词
SELECT * 
  FROM product 
 WHERE sale_price / purchase_price < 1.3
    OR sale_price / purchase_price IS NULL;
```

``` sql
-- 使用 UNION
SELECT * 
  FROM product 
 WHERE sale_price / purchase_price < 1.3
 
 UNION
SELECT * 
  FROM product 
 WHERE sale_price / purchase_price IS NULL;
```

### 4.1.2.3 包含重复行的集合运算 UNION ALL

在 UNION 的结果中保留重复行的语法： `UNION ALL` 。

例如,  想要知道 product 和 product2 中所包含的商品种类及每种商品的数量, 第一步,就需要将两个表的商品种类字段选出来, 然后使用 UNION ALL 进行不去重地合并. 接下来再对两个表的结果按 product\_type 字段分组计数。

``` sql
-- 保留重复行
SELECT product_type
  FROM product
 UNION ALL
SELECT product_type
  FROM product2;
```

查询结果如下:

``` 
+--------------+
| product_type |
+--------------+
| 衣服         |
| 办公用品     |
| 衣服         |
| 厨房用具     |
| 厨房用具     |
| 厨房用具     |
| 厨房用具     |
| 办公用品     |
| 衣服         |
| 办公用品     |
| 衣服         |
| 衣服         |
| 厨房用具     |
+--------------+
13 rows in set (0.00 sec)

```

**练习题:**

商店决定对product表中成本利润低于50% **或者** 售价低于1000的商品提价, 请使用UNION ALL 语句将分别满足上述两个条件的结果取并集. 查询结果类似下表:

![图片](/img/ch04.06result3.png)

参考答案

``` sql
SELECT *
  FROM product
 WHERE sale_price < 1000
 UNION ALL
SELECT *
  FROM product
 WHERE sale_price < 1.5 * purchase_price
```

### 4.1.2.4 隐式数据类型转换

即使数据类型不完全相同, 也可以通过隐式类型转换来将两个类型不同的列放在一列里显示, 例如字符串和数值类型:

``` sql
SELECT product_id, product_name, '1'
  FROM product
 UNION
SELECT product_id, product_name,sale_price
  FROM product2;
```

上述查询能够正确执行,得到如下结果:

``` 
+------------+--------------+------+
| product_id | product_name |      |
+------------+--------------+------+
| 0001       | T恤          | 1    |
| 0002       | 打孔器       | 1    |
| 0003       | 运动T恤      | 1    |
| 0004       | 菜刀         | 1    |
| 0005       | 高压锅       | 1    |
| 0006       | 叉子         | 1    |
| 0007       | 擦菜板       | 1    |
| 0008       | 圆珠笔       | 1    |
| 0001       | T恤          | 1000 |
| 0002       | 打孔器       | 500  |
| 0003       | 运动T恤      | 4000 |
| 0009       | 手套         | 800  |
| 0010       | 水壶         | 2000 |
+------------+--------------+------+
13 rows in set (0.00 sec)

```

**需要注意的是 hive中进行join关联时，关联列要避免使用隐式数据类型转换，否则容易导致数据倾斜**

**练习题:**

使用 SYSDATE()函数可以返回当前日期时间, 是一个日期时间类型的数据, 试测试该数据类型和数值,字符串等类型的兼容性。

例如, 以下代码可以正确执行, 说明时间日期类型和字符串,数值以及缺失值均能兼容。

``` sql
SELECT SYSDATE(), SYSDATE(), SYSDATE()
UNION
SELECT 'chars', 123, NULL;
```

上述代码的查询结果:

![图片](./img/ch04/ch04.08result5.png)

## 4.1.3 MySQL 8.0 不支持交运算INTERSECT

集合的交, 就是两个集合的公共部分。

集合的交运算在SQL标准中,
已经出现多年了, 然而很遗憾的是, 截止到 MySQL 8.0 版本, MySQL 仍然不支持 INTERSECT 操作。

``` sql
SELECT product_id, product_name
  FROM product

INTERSECT
SELECT product_id, product_name
  FROM product2
```

> 错误代码：1064
> You have an error in your SQL syntax; check the manual that corresponds to your MySQL server version for the right syntax to use near 'SELECT product\_id, product\_name
> FROM product2

此时需要用 inner join 来求得交集

``` sql
SELECT p1.product_id, p1.product_name
  FROM product p1
INNER JOIN product2 p2
ON p1.product_id=p2.product_id
```

## 4.1.4 差集,补集与表的减法

所有属于A且不属于B的元素构成的集合。

### 4.1.4.1 MySQL 8.0 还不支持 EXCEPT 运算

MySQL 8.0 还不支持 表的减法运算符 EXCEPT。

借助 NOT IN 谓词, 同样可以实现表的减法。

**练习题:**

找出只存在于product表但不存在于product2表的商品。

``` sql
-- 使用 NOT IN 子句的实现方法
SELECT *
  FROM product
 WHERE product_id NOT IN (SELECT product_id
                            FROM product2);
```

### 4.1.4.2 EXCEPT 与 NOT 谓词

使用 NOT IN 谓词, 可以实现和EXCEPT运算相同的效果。

**练习题:**

使用NOT谓词进行集合的减法运算, 求出 product 表中, 售价高于2000、成本利润率不低于 30% 的商品, 结果应该如下表所示。

``` 
+------------+--------------+--------------+------------+----------------+-------------+
| product_id | product_name | product_type | sale_price | purchase_price | regist_date |
+------------+--------------+--------------+------------+----------------+-------------+
| 0003       | 运动T恤      | 衣服         |       4000 |           2800 | NULL        |
| 0005       | 高压锅       | 厨房用具     |       6800 |           5000 | 2009-01-15  |
+------------+--------------+--------------+------------+----------------+-------------+
2 rows in set (0.00 sec)

```

参考答案:

``` sql
SELECT *
  FROM product
 WHERE sale_price > 2000
   AND product_id NOT IN (SELECT product_id
                            FROM product
                           WHERE sale_price < 1.3*purchase_price);
```

### 4.1.4.3 INTERSECT 与 AND 谓词

对于同一个表的两个查询结果而言, 他们的交INTERSECT实际上可以等价地将两个查询的检索条件用AND谓词连接来实现。

**练习题:**

\*\*\*\*使用AND谓词查找product表中利润率高于50%,并且售价低于1500的商品,查询结果如下所示。

``` 
+------------+--------------+--------------+------------+----------------+-------------+
| product_id | product_name | product_type | sale_price | purchase_price | regist_date |
+------------+--------------+--------------+------------+----------------+-------------+
| 0001       | T恤          | 衣服         |       1000 |            500 | 2009-09-20  |
| 0002       | 打孔器       | 办公用品     |        500 |            320 | 2009-09-11  |
+------------+--------------+--------------+------------+----------------+-------------+
2 rows in set (0.00 sec)

```

参考答案

``` sql
SELECT *
  FROM product
 WHERE sale_price > 1.5 * purchase_price
   AND sale_price < 1500;
```

## 4.1.5 对称差

两个集合A,B的对称差是指那些仅属于A或仅属于B的元素构成的集合。

对称差可以由

![对称差1](/img/Symmetry-difference-1.svg)

以及

![对称差2](/img/Symmetry-difference-2.svg)

求得。

**练习题:**

使用product表和product2表的对称差来查询哪些商品只在其中一张表, 结果类似于:

![图片](./img/ch04/ch04.12.png)

提示: 使用 NOT IN 实现两个表的差集.

**参考答案:**

``` sql
-- 使用 NOT IN 实现两个表的差集
SELECT *
  FROM product
 WHERE product_id NOT IN (SELECT product_id FROM product2)
UNION
SELECT *
  FROM product2
 WHERE product_id NOT IN (SELECT product_id FROM product);
```

### 4.1.5.1 借助并集和差集迂回实现交集运算 INTERSECT

# 4.2 连结(JOIN)

集合运算的特征就是以行方向为单位进行操作。

连结(JOIN)就是使用某种关联条件(一般是使用相等判断谓词"="), 将其他表中的列添加过来, 进行“添加列”的集合运算。

SQL 中的连结有多种分类方法, 这里使用最基础的内连结和外连结的分类方法。

## 4.2.1 内连结(INNER JOIN)

内连结的语法格式是:

``` sql
-- 内连结
FROM <tb_1> INNER JOIN <tb_2> ON <condition(s)>
```

其中 INNER 关键词表示使用了内连结。

### 4.2.1.1 使用内连结从两个表获取信息

按照内连结的语法, 在 FROM 子句中使用 INNER JOIN 将两张表连接起来, 并为 ON 子句指定连结条件为 shopproduct.product\_id=product.product\_id, 就得到了如下的查询语句:

``` sql
SELECT SP.shop_id,
       SP.shop_name,
       SP.product_id,
       P.product_name,
       P.product_type,
       P.sale_price,
       SP.quantity
  FROM shopproduct AS SP
 INNER JOIN product AS P
    ON SP.product_id = P.product_id;
```

在上述查询中, 我们分别为两张表指定了简单的别名, 这种操作在使用连结时是非常常见的, 通过别名会让我们在编写查询时少打很多字, 并且更重要的是, 会让查询语句看起来更加简洁。
上述查询将会得到如下的结果:

``` 
+---------+-----------+------------+--------------+--------------+------------+----------+
| shop_id | shop_name | product_id | product_name | product_type | sale_price | quantity |
+---------+-----------+------------+--------------+--------------+------------+----------+
| 000A    | 东京      | 0001       | T恤          | 衣服         |       1000 |       30 |
| 000A    | 东京      | 0002       | 打孔器       | 办公用品     |        500 |       50 |
| 000A    | 东京      | 0003       | 运动T恤      | 衣服         |       4000 |       15 |
| 000B    | 名古屋    | 0002       | 打孔器       | 办公用品     |        500 |       30 |
| 000B    | 名古屋    | 0003       | 运动T恤      | 衣服         |       4000 |      120 |
| 000B    | 名古屋    | 0004       | 菜刀         | 厨房用具     |       3000 |       20 |
| 000B    | 名古屋    | 0006       | 叉子         | 厨房用具     |        500 |       10 |
| 000B    | 名古屋    | 0007       | 擦菜板       | 厨房用具     |        880 |       40 |
| 000C    | 大阪      | 0003       | 运动T恤      | 衣服         |       4000 |       20 |
| 000C    | 大阪      | 0004       | 菜刀         | 厨房用具     |       3000 |       50 |
| 000C    | 大阪      | 0006       | 叉子         | 厨房用具     |        500 |       90 |
| 000C    | 大阪      | 0007       | 擦菜板       | 厨房用具     |        880 |       70 |
| 000D    | 福冈      | 0001       | T恤          | 衣服         |       1000 |      100 |
+---------+-----------+------------+--------------+--------------+------------+----------+
13 rows in set (0.01 sec)

```

观察查询结果, 我们看到,这个结果里的列已经包含了所有我们需要的信息。

关于内连结,需要注意以下三点:

**要点一: 进行连结时需要在 FROM 子句中使用多张表.**

``` sql
FROM shopproduct AS SP INNER JOIN product AS P;
```

**要点二:必须使用 ON 子句来指定连结条件.**

在进行内连结时 ON 子句是必不可少的.
去掉上述查询的 ON 子句后出现错误。

ON 子句是专门用来指定连结条件的, 我们在上述查询的 ON 之后指定两张表连结所使用的列以及比较条件, 基本上, 它能起到与 WHERE 相同的筛选作用。

**要点三: SELECT 子句中的列最好按照 表名.列名 的格式来使用。**

当两张表的列除了用于关联的列之外, 没有名称相同的列的时候, 也可以不写表名, 但表名使得我们能够在今后的任何时间阅读查询代码的时候, 都能马上看出每一列来自于哪张表, 能够节省我们很多时间。

但是, 如果两张表有其他名称相同的列, 则必须使用上述格式来选择列名, 否则查询语句会报错。

### 4.2.1.2 结合 WHERE 子句使用内连结

如果需要在使用内连结的时候同时使用 WHERE 子句对检索结果进行筛选, 则需要把 WHERE 子句写在 ON 子句的后边。

增加 WHERE 子句的方式有好几种。

第一种增加 WEHRE 子句的方式, 就是把上述查询作为子查询, 用括号封装起来, 然后在外层查询增加筛选条件。

``` sql
SELECT *
  FROM (-- 第一步查询的结果
        SELECT SP.shop_id,
               SP.shop_name,
               SP.product_id,
               P.product_name,
               P.product_type,
               P.sale_price,
               SP.quantity
          FROM shopproduct AS SP
         INNER JOIN product AS P
            ON SP.product_id = P.product_id) AS STEP1
 WHERE shop_name = '东京'
   AND product_type = '衣服' ;
```

这种写法能很清晰地分辨出每一个操作步骤, 在还不熟悉 SQL 查询每一个子句的执行顺序的时候可以帮到我们。

WHERE 子句将在 FROM 子句之后执行, 即在做完 INNER JOIN ... ON 得到一个新表后, 才会执行 WHERE 子句, 那么就得到标准的写法:

``` sql
SELECT SP.shop_id,
       SP.shop_name,
       SP.product_id,
       P.product_name,
       P.product_type,
       P.sale_price,
       SP.quantity
  FROM shopproduct AS SP
 INNER JOIN product AS P
    ON SP.product_id = P.product_id
 WHERE SP.shop_name = '东京'
   AND P.product_type = '衣服' ;
```

我们首先给出上述查询的执行顺序:

FROM 子句-\>WHERE 子句-\>SELECT 子句

也就是说, 两张表是先按照连结列进行了连结, 得到了一张新表, 然后 WHERE 子句对这张新表的行按照两个条件进行了筛选,  最后, SELECT 子句选出了那些我们需要的列。

此外, 一种不是很常见的做法是,还可以将 WHERE 子句中的条件直接添加在 ON 子句中, 这时候 ON 子句后最好用括号将连结条件和筛选条件括起来。

``` sql
SELECT SP.shop_id
       ,SP.shop_name
       ,SP.product_id
       ,P.product_name
       ,P.product_type
       ,P.sale_price
       ,SP.quantity
  FROM shopproduct AS SP
 INNER JOIN product AS P
    ON (SP.product_id = P.product_id
   AND SP.shop_name = '东京'
   AND P.product_type = '衣服') ;
```

把筛选条件和连结条件都放在 ON 子句的写法, 不是容易阅读, 不建议使用。

在结合 WHERE 子句使用内连结的时候, 我们可以更改任务顺序, 并采用任务分解的方法,先分别在两个表使用 WHERE 进行筛选,然后把上述两个子查询连结起来。

``` sql
SELECT SP.shop_id
       ,SP.shop_name
       ,SP.product_id
       ,P.product_name
       ,P.product_type
       ,P.sale_price
       ,SP.quantity
  FROM (-- 子查询 1:从 shopproduct 表筛选出东京商店的信息
        SELECT *
          FROM shopproduct
         WHERE shop_name = '东京' ) AS SP
 INNER JOIN -- 子查询 2:从 product 表筛选出衣服类商品的信息
   (SELECT *
      FROM product
     WHERE product_type = '衣服') AS P
    ON SP.product_id = P.product_id;
```

先分别在两张表里做筛选, 把复杂的筛选条件按表分拆, 然后把筛选结果(作为表)连接起来, 避免了写复杂的筛选条件, 整体的逻辑非常清晰.

**练习题:**

找出每个商店里的衣服类商品的名称及价格等信息. 希望得到如下结果:

![图片](./img/ch04/ch04.18result2.png)

``` 
-- 参考答案 1--不使用子查询
SELECT  SP.shop_id,SP.shop_name,SP.product_id
       ,P.product_name, P.product_type, P.purchase_price
  FROM shopproduct  AS SP
 INNER JOIN product AS P
    ON SP.product_id = P.product_id
 WHERE P.product_type = '衣服';
```

``` 
-- 参考答案 2--使用子查询
SELECT  SP.shop_id, SP.shop_name, SP.product_id
       ,P.product_name, P.product_type, P.purchase_price
  FROM shopproduct AS SP
INNER JOIN --从 product 表找出衣服类商品的信息
  (SELECT product_id, product_name, product_type, purchase_price
     FROM product
    WHERE product_type = '衣服')AS P
   ON SP.product_id = P.product_id;
```

上述第二种写法虽然包含了子查询, 并且代码行数更多, 但由于每一层的目的很明确, 更适于阅读, 并且在外连结的情形下, 还能避免错误使用 WHERE 子句导致外连结失效的问题, 相关示例见后文中的"结合 WHERE 子句使用外连结"章节。

**练习题:**

分别使用连结两个子查询和不使用子查询的方式, 找出东京商店里, 售价低于 2000 的商品信息,希望得到如下结果。

![图片](./img/ch04/ch04.19result3.png)

``` 
-- 参考答案
-- 不使用子查询
SELECT SP.*, P.*
  FROM shopproduct AS SP
 INNER JOIN product AS P
    ON SP.product_id = P.product_id
 WHERE shop_id = '000A'
   AND sale_price < 2000;
```

### 4.2.1.3 结合 GROUP BY 子句使用内连结

结合 GROUP BY 子句使用内连结, 需要根据分组列位于哪个表区别对待。

如果分组列和被聚合的列不在同一张表, 且二者都未被用于连结两张表, 则只能先连结, 再聚合。

**练习题:**

每个商店中, 售价最高的商品的售价分别是多少?

``` sql
-- 参考答案
SELECT SP.shop_id,
       SP.shop_name,
       MAX(P.sale_price) AS max_price
  FROM shopproduct AS SP
 INNER JOIN product AS P
    ON SP.product_id = P.product_id
 GROUP BY SP.shop_id, SP.shop_name;
```

**思考题:**

上述查询得到了每个商品售价最高的商品, 但并不知道售价最高的商品是哪一个.如何获取每个商店里售价最高的商品的名称和售价?

> 注: 这道题的一个简易的方式是使用下一章的窗口函数. 当然, 也可以使用其他我们已经学过的知识来实现, 例如, 在找出每个商店售价最高商品的价格后, 使用这个价格再与 product 列进行连结, 但这种做法在价格不唯一时会出现问题。

### 4.2.1.4 自连结(SELF JOIN)

一张表也与自身作连结, 这种连接称之为自连结.
自连结可以是外连结也可以是内连结, 它是不同于内连结外连结的另一个连结的分类方法。

### 4.2.1.5 内连结与关联子查询

回忆第五章第三节关联子查询中的问题: 找出每个商品种类当中售价高于该类商品的平均售价的商品.当时我们是使用关联子查询来实现的。

``` sql
SELECT product_type, product_name, sale_price
  FROM product AS P1
 WHERE sale_price > (SELECT AVG(sale_price)
                       FROM product AS P2
                      WHERE P1.product_type = P2.product_type
                      GROUP BY product_type);
```

使用内连结同样可以解决这个问题:
首先, 使用 GROUP BY 按商品类别分类计算每类商品的平均价格。

``` sql
SELECT  product_type
       ,AVG(sale_price) AS avg_price
  FROM product
 GROUP BY product_type;
```

接下来, 将上述查询与表 product 按照 product\_type (商品种类)进行内连结。

``` sql
SELECT  P1.product_id
       ,P1.product_name
       ,P1.product_type
       ,P1.sale_price
       ,P2.avg_price
  FROM product AS P1
 INNER JOIN
   (SELECT product_type,AVG(sale_price) AS avg_price
      FROM product
     GROUP BY product_type) AS P2
    ON P1.product_type = P2.product_type;
```

最后, 增加 WHERE 子句, 找出那些售价高于该类商品平均价格的商品.完整的代码如下:

``` sql
SELECT  P1.product_id
       ,P1.product_name
       ,P1.product_type
       ,P1.sale_price
       ,P2.avg_price
  FROM product AS P1
 INNER JOIN
   (SELECT product_type,AVG(sale_price) AS avg_price
      FROM product
     GROUP BY product_type) AS P2
    ON P1.product_type = P2.product_type
 WHERE P1.sale_price > P2.avg_price;
```

上述方法思路实际上更加清晰。

### 4.2.1.6 自然连结(NATURAL JOIN)

自然连结是内连结的一种特例--当两个表进行自然连结时, 会按照两个表中都包含的列名来进行等值内连结, 此时无需使用 ON 来指定连接条件。

``` sql
SELECT * FROM shopproduct NATURAL JOIN product;
```

上述查询得到的结果, 会把两个表的公共列(这里是 product\_id, 可以有多个公共列)放在第一列, 然后按照两个表的顺序和表中列的顺序, 将两个表中的其他列都罗列出来。

![图片](./img/ch04/ch04.20.png)

**练习题:**

试写出与上述自然连结等价的内连结。

``` sql
-- 参考答案
SELECT  SP.product_id,SP.shop_id,SP.shop_name,SP.quantity
       ,P.product_name,P.product_type,P.sale_price
       ,P.purchase_price,P.regist_date  
  FROM shopproduct AS SP
 INNER JOIN product AS P
    ON SP.product_id = P.product_id
```

使用自然连结还可以求出两张表或子查询的公共部分, 例如教材中 7-1 选取表中公共部分--INTERSECT 一节中的问题: 求表 product 和表 product2 中的公共部分, 也可以用自然连结来实现:

``` sql
SELECT * FROM product NATURAL JOIN product2;
```

![图片](./img/ch04/ch04.21.png)

这个结果和书上给的结果并不一致, 少了运动 T 恤, 这是由于运动 T 恤的 regist\_date 字段为空, 在进行自然连结时, 来自于 product 和 product2 的运动 T 恤这一行数据在进行比较时, 实际上是在逐字段进行等值连结, 回忆我们在 `3.4.4 ISNULL,IS NOT NULL` 这一节学到的缺失值的比较方法就可得知, 两个缺失值用等号进行比较, 结果不为真. 而连结只会返回对连结条件返回为真的那些行。

如果我们将查询语句进行修改:

``` sql
SELECT *
  FROM (SELECT product_id, product_name
          FROM product) AS A
       NATURAL JOIN
       (SELECT product_id, product_name
         FROM product2) AS B;
```

那就可以得到正确的结果了:

![图片](./img/ch04/ch04.22.png)

### 4.2.1.7 使用连结求交集

练习题: 使用内连结求 product 表和 product2 表的交集。

``` sql
SELECT P1.*
  FROM product AS P1
 INNER JOIN product2 AS P2
    ON (P1.product_id  = P2.product_id
   AND P1.product_name = P2.product_name
   AND P1.product_type = P2.product_type
   AND P1.sale_price   = P2.sale_price
   AND P1.regist_date  = P2.regist_date)
```

得到如下结果

![图片](./img/ch04/ch04.23.png)

注意上述结果和 P230 的结果并不一致--少了 product\_id='0003'这一行, 观察源表数据可发现, 少的这行数据的 regist\_date 为缺失值, 回忆第六章讲到的 IS NULL 谓词, 我们得知, 这是由于缺失值是不能用等号进行比较导致的。

如果我们仅仅用 product\_id 来进行连结:

``` sql
SELECT P1.*
  FROM product AS P1
 INNER JOIN product2 AS P2
    ON P1.product_id = P2.product_id
```

查询结果:

![图片](./img/ch04/ch04.24.png)

这次就一致了。

## 4.2.2 外连结(OUTER JOIN)

内连结会丢弃两张表中不满足 ON 条件的行,和内连结相对的就是外连结. 外连结会根据外连结的种类有选择地保留无法匹配到的行。

按照保留的行位于哪张表,外连结有三种形式: 左连结, 右连结和全外连结。

左连结会保存左表中无法按照 ON 子句匹配到的行, 此时对应右表的行均为缺失值; 右连结则会保存右表中无法按照 ON 子句匹配到的行, 此时对应左表的行均为缺失值;  而全外连结则会同时保存两个表中无法按照 ON子句匹配到的行, 相应的另一张表中的行用缺失值填充。

三种外连结的对应语法分别为:

``` sql
-- 左连结
FROM <tb_1> LEFT  OUTER JOIN <tb_2> ON <condition(s)>
-- 右连结
FROM <tb_1> RIGHT OUTER JOIN <tb_2> ON <condition(s)>
-- 全外连结
FROM <tb_1> FULL  OUTER JOIN <tb_2> ON <condition(s)>
```

### 4.2.2.1 左连结与右连结

由于连结时可以交换左表和右表的位置, 因此左连结和右连结并没有本质区别

### 4.2.2.2 使用左连结从两个表获取信息

如果你仔细观察过将 `shopproduct` 和 `product` 进行内连结前后的结果的话, 你就会发现, `product` 表中有两种商品并未在内连结的结果里, 就是说, 这两种商品并未在任何商店有售(这通常意味着比较重要的业务信息, 例如, 这两种商品在所有商店都处于缺货状态, 需要及时补货). 现在, 让我们先把之前内连结的 SELECT 语句转换为左连结试试看吧。

练习题: 统计每种商品分别在哪些商店有售, 需要包括那些在每个商店都没货的商品。

使用左连结的代码如下(注意区别于书上的右连结):

``` sql
SELECT SP.shop_id
       ,SP.shop_name
       ,SP.product_id
       ,P.product_name
       ,P.sale_price
  FROM product AS P
  LEFT OUTER JOIN shopproduct AS SP
    ON SP.product_id = P.product_id;
```

上述查询得到的检索结果如下(由于并未使用 ORDER BY 子句指定顺序,你执行上述代码得到的结果可能顺序与下图不同):

![图片](./img/ch04/ch04.25.png)

我们观察上述结果可以发现, 有两种商品: 高压锅和圆珠笔, 在所有商店都没有销售. 由于我们在 SELECT 子句选择列的显示顺序以及未对结果进行排序的原因, 这个事实需要你仔细地进行观察。

**● 外连结要点 1: 选取出单张表中全部的信息**

对于外连结来说,只要数据存在于某一张表当中,就能够读取出来。

**● 外连结要点 2：使用 LEFT、RIGHT 来指定主表.**

外连结还有一点非常重要,那就是要把哪张表作为主表.最终的结果中会包含主表内所有的数据.

通过交换两个表的顺序, 同时将 LEFT 更换为 RIGHT(如果原先是 RIGHT,则更换为 LEFT), 会到完全相同的结果。

### 4.2.2.3 结合 WHERE 子句使用左连结

外连结会包含那些主表中无法匹配到的行, 并用缺失值填写另一表中的列, 由于这些行的存在, 因此在外连结时使用WHERE子句, 情况会有些不一样:

**练习题:**

使用外连结从shopproduct表和product表中找出那些在某个商店库存少于50的商品及对应的商店.希望得到如下结果。

![图片](./img/ch04/ch04.26.png)

注意高压锅和圆珠笔两种商品在所有商店都无货, 所以也应该包括在内。

按照"结合WHERE子句使用内连结"的思路, 我们很自然会写出如下代码

``` sql
SELECT P.product_id
       ,P.product_name
       ,P.sale_price
       ,SP.shop_id
       ,SP.shop_name
       ,SP.quantity
  FROM product AS P
  LEFT OUTER JOIN shopproduct AS SP
    ON SP.product_id = P.product_id
 WHERE quantity< 50
```

然而不幸的是, 得到的却是如下的结果:

![图片](./img/ch04/ch04.27.png)

观察发现, 少了在所有商店都无货的高压锅和圆珠笔. 聪明的你可能很容易想到，在WHERE过滤条件中增加 **`OR quantity IS NULL`** 的条件, 便可以得到预期的结果。然而在真实的查询环境中, 由于数据量大且数据质量并非设想的那样"干净", 我们并不能容易地意识到缺失值等问题数据的存在, 因此,还是让我们想一下如何改写我们的查询以使得它能够适应更复杂的真实数据的情形吧。

联系到我们已经掌握了的SQL查询的执行顺序(FROM-\>WHERE-\>SELECT),我们发现, 问题可能出在筛选条件上, 因为在进行完外连结后才会执行WHERE子句, 因此那些主表中无法被匹配到的行就被WHERE条件筛选掉了。

明白了这一点, 我们就可以试着把WHERE子句挪到外连结之前进行: 先写个子查询,用来从shopproduct表中筛选quantity\<50的商品, 然后再把这个子查询和主表连结起来。

我们把上述思路写成SQL查询语句:

``` sql
SELECT P.product_id
      ,P.product_name
      ,P.sale_price
       ,SP.shop_id
      ,SP.shop_name
      ,SP.quantity
  FROM product AS P
  LEFT OUTER JOIN-- 先筛选quantity<50的商品
   (SELECT *
      FROM shopproduct
     WHERE quantity < 50 ) AS SP
    ON SP.product_id = P.product_id
```

得到的结果如下:

![图片](./img/ch04/ch04.28.png)

### 4.2.2.4 在 MySQL 中实现全外连结

全外连结本质上就是对左表和右表的所有行都予以保留, 能用 ON 关联到的就把左表和右表的内容在一行内显示, 不能被关联到的就分别显示, 然后把多余的列用缺失值填充。

遗憾的是, MySQL8.0 目前还不支持全外连结, 不过我们可以对左连结和右连结的结果进行 UNION 来实现全外连结。

## 4.2.3 多表连结

通常连结只涉及 2 张表,但有时也会出现必须同时连结 3 张以上的表的情况, 原则上连结表的数量并没有限制。

### 4.2.3.1 多表进行内连结

首先创建一个用于三表连结的表 Inventoryproduct.首先我们创建一张用来管理库存商品的表,  假设商品都保存在 P001 和 P002 这 2 个仓库之中。

![图片](./img/ch04/ch04.29.png)

建表语句如下:

``` sql
CREATE TABLE Inventoryproduct
( inventory_id       CHAR(4) NOT NULL,
product_id         CHAR(4) NOT NULL,
inventory_quantity INTEGER NOT NULL,
PRIMARY KEY (inventory_id, product_id));
```

然后插入一些数据:

``` sql
--- DML：插入数据
START TRANSACTION;
INSERT INTO Inventoryproduct (inventory_id, product_id, inventory_quantity)
VALUES ('P001', '0001', 0);
INSERT INTO Inventoryproduct (inventory_id, product_id, inventory_quantity)
VALUES ('P001', '0002', 120);
INSERT INTO Inventoryproduct (inventory_id, product_id, inventory_quantity)
VALUES ('P001', '0003', 200);
INSERT INTO Inventoryproduct (inventory_id, product_id, inventory_quantity)
VALUES ('P001', '0004', 3);
INSERT INTO Inventoryproduct (inventory_id, product_id, inventory_quantity)
VALUES ('P001', '0005', 0);
INSERT INTO Inventoryproduct (inventory_id, product_id, inventory_quantity)
VALUES ('P001', '0006', 99);
INSERT INTO Inventoryproduct (inventory_id, product_id, inventory_quantity)
VALUES ('P001', '0007', 999);
INSERT INTO Inventoryproduct (inventory_id, product_id, inventory_quantity)
VALUES ('P001', '0008', 200);
INSERT INTO Inventoryproduct (inventory_id, product_id, inventory_quantity)
VALUES ('P002', '0001', 10);
INSERT INTO Inventoryproduct (inventory_id, product_id, inventory_quantity)
VALUES ('P002', '0002', 25);
INSERT INTO Inventoryproduct (inventory_id, product_id, inventory_quantity)
VALUES ('P002', '0003', 34);
INSERT INTO Inventoryproduct (inventory_id, product_id, inventory_quantity)
VALUES ('P002', '0004', 19);
INSERT INTO Inventoryproduct (inventory_id, product_id, inventory_quantity)
VALUES ('P002', '0005', 99);
INSERT INTO Inventoryproduct (inventory_id, product_id, inventory_quantity)
VALUES ('P002', '0006', 0);
INSERT INTO Inventoryproduct (inventory_id, product_id, inventory_quantity)
VALUES ('P002', '0007', 0 );
INSERT INTO Inventoryproduct (inventory_id, product_id, inventory_quantity)
VALUES ('P002', '0008', 18);
COMMIT;
```

接下来, 我们根据上表及 shopproduct 表和 product 表, 使用内连接找出每个商店都有那些商品, 每种商品的库存总量分别是多少。

``` sql
SELECT SP.shop_id
       ,SP.shop_name
       ,SP.product_id
       ,P.product_name
       ,P.sale_price
       ,IP.inventory_quantity
  FROM shopproduct AS SP
 INNER JOIN product AS P
    ON SP.product_id = P.product_id
 INNER JOIN Inventoryproduct AS IP
    ON SP.product_id = IP.product_id
 WHERE IP.inventory_id = 'P001';
```

得到如下结果

![图片](./img/ch04/ch04.30.png)

我们可以看到, 连结第三张表的时候, 也是通过 ON 子句指定连结条件(这里使用最基础的等号将作为连结条件的 product 表和 shopproduct 表中的商品编号 product \_id 连结了起来), 由于 product 表和 shopproduct 表已经进行了连结,因此就无需再对 product 表和 Inventoryproduct 表进行连结了(虽然也可以进行连结,但结果并不会发生改变, 因为本质上并没有增加新的限制条件)。

即使想要把连结的表增加到 4 张、5 张……使用 INNER JOIN 进行添加的方式也是完全相同的。

### 4.2.3.2 多表进行外连结

正如之前所学发现的, 外连结一般能比内连结有更多的行, 从而能够比内连结给出更多关于主表的信息, 多表连结的时候使用外连结也有同样的作用。

例如,

``` sql
SELECT P.product_id
       ,P.product_name
       ,P.sale_price
       ,SP.shop_id
       ,SP.shop_name
       ,IP.inventory_quantity
  FROM product AS P
  LEFT OUTER JOIN shopproduct AS SP
ON SP.product_id = P.product_id
LEFT OUTER JOIN Inventoryproduct AS IP
ON SP.product_id = IP.product_id
```

查询结果

![图片](./img/ch04/ch04.31.png)

## 4.2.4 ON 子句进阶--非等值连结

在刚开始介绍连结的时候, 书上提到过, 除了使用相等判断的等值连结, 也可以使用比较运算符来进行连接. 实际上, 包括比较运算符(\<,\<=,\>,\>=, BETWEEN)和谓词运算(LIKE, IN, NOT 等等)在内的所有的逻辑运算都可以放在 ON 子句内作为连结条件。

### 4.2.4.1 非等值自左连结(SELF JOIN)

使用非等值自左连结实现排名。

**练习题:**

希望对 product 表中的商品按照售价赋予排名. 一个从集合论出发,使用自左连结的思路是, 对每一种商品,找出售价不低于它的所有商品, 然后对售价不低于它的商品使用 COUNT 函数计数. 例如, 对于价格最高的商品,

``` sql
SELECT  product_id
       ,product_name
       ,sale_price
       ,COUNT(p2_id) AS my_rank
  FROM (--使用自左连结对每种商品找出价格不低于它的商品
        SELECT P1.product_id
               ,P1.product_name
               ,P1.sale_price
               ,P2.product_id AS P2_id
               ,P2.product_name AS P2_name
               ,P2.sale_price AS P2_price 
          FROM product AS P1
          LEFT OUTER JOIN product AS P2 
            ON P1.sale_price <= P2.sale_price 
        ) AS X
 GROUP BY product_id, product_name, sale_price
 ORDER BY my_rank; 
```

注 1: COUNT 函数的参数是列名时, 会忽略该列中的缺失值, 参数为 \* 时则不忽略缺失值。
注 2: 上述排名方案存在一些问题--如果两个商品的价格相等, 则会导致两个商品的排名错误, 例如,  叉子和打孔器的排名应该都是第六, 但上述查询导致二者排名都是第七. 试修改上述查询使得二者的排名均为第六。

![图片](./img/ch04/ch04.32.png)

注 3: 实际上, 进行排名有专门的函数, 这是 MySQL 8.0 新增加的窗口函数中的一种(窗口函数将在下一章学习), 但在较低版本的 MySQL 中只能使用上述自左连结的思路。

使用非等值自左连结进行累计求和:

**练习题:**

请按照商品的售价从低到高,对售价进行累计求和\[注:这个案例缺少实际意义, 并且由于有两种商品价格相同导致了不必要的复杂度, 但示例数据库的表结构比较简单, 暂时未想出有实际意义的例题\]

首先, 按照题意, 对每种商品使用自左连结, 找出比该商品售价价格更低或相等的商品

``` sql
SELECT  P1.product_id
       ,P1.product_name
       ,P1.sale_price
       ,P2.product_id AS P2_id
       ,P2.product_name AS P2_name
       ,P2.sale_price AS P2_price
  FROM product AS P1
  LEFT OUTER JOIN product AS P2
    ON P1.sale_price >= P2.sale_price
 ORDER BY P1.sale_price,P1.product_id
```

查看查询结果

![图片](./img/ch04/ch04.33.png)

看起来似乎没什么问题。

下一步, 按照 P1.product\_Id 分组,对 P2\_price 求和:

``` sql
SELECT  product_id
       ,product_name
       ,sale_price
       ,SUM(P2_price) AS cum_price
  FROM (SELECT  P1.product_id
               ,P1.product_name
               ,P1.sale_price
               ,P2.product_id AS P2_id
               ,P2.product_name AS P2_name
               ,P2.sale_price AS P2_price 
          FROM product AS P1
          LEFT OUTER JOIN product AS P2
            ON P1.sale_price >= P2.sale_price
         ORDER BY P1.sale_price,P1.product_id ) AS X
 GROUP BY product_id, product_name, sale_price
 ORDER BY sale_price,product_id;
```

得到的查询结果为:

![图片](./img/ch04/ch04.34.png)

观察上述查询结果发现, 由于有两种商品的售价相同, 在使用 \>= 进行连结时, 导致了累计求和错误, 这是由于这两种商品售价相同导致的. 因此实际上之前是不应该单独只用 \>= 作为连结条件的. 考察我们建立自左连结的本意, 是要找出满足:1.比该商品售价更低的, 或者是 2.该种商品自身,以及 3.如果 A 和 B 两种商品售价相等,则建立连结时, 如果 P1.A 和 P2.A,P2.B 建立了连接, 则 P1.B 不再和 P2.A 建立连结, 因此根据上述约束条件, 利用 ID 的有序性, 进一步将上述查询改写为:

``` sql
SELECT	product_id, product_name, sale_price
       ,SUM(P2_price) AS cum_price 
  FROM
        (SELECT  P1.product_id, P1.product_name, P1.sale_price
                ,P2.product_id AS P2_id
                ,P2.product_name AS P2_name
                ,P2.sale_price AS P2_price 
           FROM product AS P1
           LEFT OUTER JOIN product AS P2
             ON ((P1.sale_price > P2.sale_price)
             OR (P1.sale_price = P2.sale_price
            AND P1.product_id<=P2.product_id))
	      ORDER BY P1.sale_price,P1.product_id) AS X
 GROUP BY product_id, product_name, sale_price
 ORDER BY sale_price,cum_price;
```

这次结果就正确了.

![图片](./img/ch04/ch04.35.png)

## 4.2.5 交叉连结—— CROSS JOIN(笛卡尔积)

交叉连结又叫笛卡尔积, 两个集合做笛卡尔积, 就是使用集合 A 中的每一个元素与集合 B 中的每一个元素组成一个有序的组合. 数据库表(或者子查询)的并,交和差都是在纵向上对表进行扩张或筛选限制等运算的, 这要求表的列数及对应位置的列的数据类型"相容", 因此这些运算并不会增加新的列, 而交叉连接(笛卡尔积)则是在横向上对表进行扩张, 即增加新的列, 这一点和连结的功能是一致的. 但因为没有了ON子句的限制, 会对左表和右表的每一行进行组合, 这经常会导致很多无意义的行出现在检索结果中. 当然, 在某些查询需求中, 交叉连结也有一些用处。

交叉连结的语法有如下几种形式:

``` sql
-- 1.使用关键字 CROSS JOIN 显式地进行交叉连结
SELECT SP.shop_id
       ,SP.shop_name
       ,SP.product_id
       ,P.product_name
       ,P.sale_price
  FROM shopproduct AS SP
 CROSS JOIN product AS P;
--2.使用逗号分隔两个表,并省略 ON 子句
SELECT SP.shop_id
       ,SP.shop_name
       ,SP.product_id
       ,P.product_name
       ,P.sale_price
  FROM shopproduct AS SP , product AS P;
```

请大家试着执行一下以上语句.
可能大家会惊讶于结果的行数, 但我们还是先来介绍一下语法结构吧.对满足相同规则的表进行交叉连结的集合运算符是 CROSS JOIN （笛卡儿积）.进行交叉连结时无法使用内连结和外连结中所使用的ON 子句,这是因为交叉连结是对两张表中的全部记录进行交叉组合,因此结果中的记录数通常是两张表中行数的乘积.本例中,因为 shopproduct 表存在 13 条记录,product 表存在 8 条记录,所以结果中就包含了 13 × 8 = 104 条记录。

可能这时会有读者想起前面我们提到过集合运算中的乘法会在本节中进行详细学习,这就是上面介绍的交叉连结.内连结是交叉连结的一部分,“内”也可以理解为“包含在交叉连结结果中的部分”.相反,外连结的“外”可以理解为“交叉连结结果之外的部分”。

交叉连结没有应用到实际业务之中的原因有两个.一是其结果没有实用价值,二是由于其结果行数太多,需要花费大量的运算时间和高性能设备的支持。

### 4.2.5.1 \[扩展阅读\]连结与笛卡儿积的关系

考察笛卡儿积和连结, 不难发现, 笛卡儿积可以视作一种特殊的连结(事实上笛卡儿积的语法也可以写作 CROSS JOIN), 这种连结的 ON 子句是一个恒为真的谓词。

反过来思考, 在对笛卡儿积进行适当的限制之后, 也就得到了内连结和外连结。

例如, 对于 shopproduct 表和 product 表, 首先建立笛卡尔乘积:

``` 
SELECT SP.*, P.*
  FROM shopproduct AS SP
 CROSS JOIN product AS P;
```

查询结果的一部分如下:

![图片](./img/ch04/ch04.36.png)

然后对上述笛卡尔乘积增加筛选条件 SP.product\_id=P.product\_id, 就得到了和内连结一致的结果:

``` 
SELECT SP.*, P.*
  FROM shopproduct AS SP
 CROSS JOIN product AS P
 WHERE SP.product_id = P.product_id;
```

查询结果如下:

![图片](./img/ch04/ch04.37.png)

实际上, 正如书中所说, 上述写法中, 将 CROSS JOIN 改为逗号后, 正是内连结的旧式写法, 但在 ANSI 和 ISO 的 SQL-92 标准中, 已经将使用 INNER JOIN ..ON.. 的写法规定为标准写法, 因此极力推荐大家在平时写 SQL 查询时, 使用规范写法。

## 4.2.6 连结的特定语法和过时语法

在笛卡尔积的基础上, 我们增加一个 WHERE 子句, 将之前的连结条件作为筛选条件加进去, 我们会发现, 得到的结果恰好是直接使用内连接的结果。

试执行以下查询, 并将查询结果与内连结一节第一个例子的结果做对比。

``` sql
SELECT SP.shop_id
      ,SP.shop_name
      ,SP.product_id
       ,P.product_name
       ,P.sale_price
  FROM shopproduct AS SP
 CROSS JOIN product AS P
 WHERE SP.product_id = P.product_id;
```

我们发现, 这两个语句得到的结果是相同的。
之前我们学习的内连结和外连结的语法都符合标准 SQL 的规定,可以在所有 DBMS 中执行,因此大家可以放心使用. 但是如果大家之后从事系统开发工作, 或者阅读遗留SQL 查询语句的话,一定会碰到需要阅读他人写的代码并进行维护的情况,而那些使用特定和过时语法的程序就会成为我们的麻烦。

SQL 是一门特定语法及过时语法非常多的语言,虽然之前本书中也多次提及,但连结是其中特定语法的部分,现在还有不少年长的程序员和系统工程师仍在使用这些特定的语法.例如,将本节最初介绍的内连结的 SELECT 语句替换为过时语法的结果如下所示。

使用过时语法的内连结（结果与代码清单 7-9 相同）

``` sql
SELECT SP.shop_id
       ,SP.shop_name
       ,SP.product_id
       ,P.product_name
       ,P.sale_price
  FROM shopproduct SP, product P
 WHERE SP.product_id = P.product_id
   AND SP.shop_id = '000A';
```

这样的书写方式所得到的结果与标准语法完全相同,并且这样的语法可以在所有的 DBMS 中执行,并不能算是特定的语法,只是过时了而已。
但是,由于这样的语法不仅过时,而且还存在很多其他的问题,因此不推荐大家使用,理由主要有以下三点:

第一,使用这样的语法无法马上判断出到底是内连结还是外连结（又或者是其他种类的连结）。

第二,由于连结条件都写在 WHERE 子句之中,因此无法在短时间内分辨出哪部分是连结条件,哪部分是用来选取记录的限制条件。

第三,我们不知道这样的语法到底还能使用多久.每个 DBMS 的开发者都会考虑放弃过时的语法,转而支持新的语法.虽然并不是马上就不能使用了,但那一天总会到来的。

虽然这么说,但是现在使用这些过时语法编写的程序还有很多,到目前为止还都能正常执行.我想大家很可能会碰到这样的代码,因此还是希望大家能够了解这些知识。

# 练习题（请给出代码、包含代码及代码执行结果的截图）

# **4.1**

找出 product 和 product2 中售价高于 500 的商品的基本信息。

``` sql
SELECT product_id, product_name, sale_price, purchase_price
  FROM product
 WHERE sale_price > 500
 UNION
SELECT product_id, product_name, sale_price, purchase_price
  FROM product2
 WHERE sale_price > 500;
```

``` 
+------------+--------------+------------+----------------+
| product_id | product_name | sale_price | purchase_price |
+------------+--------------+------------+----------------+
| 0001       | T恤          |       1000 |            500 |
| 0003       | 运动T恤      |       4000 |           2800 |
| 0004       | 菜刀         |       3000 |           2800 |
| 0005       | 高压锅       |       6800 |           5000 |
| 0007       | 擦菜板       |        880 |            790 |
| 0009       | 手套         |        800 |            500 |
| 0010       | 水壶         |       2000 |           1700 |
+------------+--------------+------------+----------------+
7 rows in set (0.01 sec)

```

附图
![4.1.png](/img/4.1.png)

# **4.2**

借助对称差的实现方式, 求product和product2的交集。

``` sql
SELECT *
  FROM (
       SELECT *
         FROM product
        UNION
       SELECT *
         FROM product2
  ) AS P
 WHERE product_id NOT IN (
       SELECT product_id
         FROM product
        WHERE product_id NOT IN (SELECT product_id FROM product2)
        UNION
       SELECT product_id
         FROM product2
        WHERE product_id NOT IN (SELECT product_id FROM product));
```

``` 
+------------+--------------+--------------+------------+----------------+-------------+
| product_id | product_name | product_type | sale_price | purchase_price | regist_date |
+------------+--------------+--------------+------------+----------------+-------------+
| 0001       | T恤          | 衣服         |       1000 |            500 | 2009-09-20  |
| 0002       | 打孔器       | 办公用品     |        500 |            320 | 2009-09-11  |
| 0003       | 运动T恤      | 衣服         |       4000 |           2800 | NULL        |
+------------+--------------+--------------+------------+----------------+-------------+
3 rows in set (0.00 sec)

```

附图
![4.2.png](/img/4.2.png)

# **4.3**

每类商品中售价最高的商品都在哪些商店有售 ？

``` sql
SELECT shop_name
  FROM shopproduct
 INNER JOIN product
    ON shopproduct.product_id = product.product_id
 INNER JOIN (
       SELECT product_type, MAX(sale_price) AS MAX
         FROM product
        GROUP BY product_type) AS P
    ON product.product_type = P.product_type
   AND product.sale_price = P.MAX;
```

``` 
+-----------+
| shop_name |
+-----------+
| 东京      |
| 东京      |
| 名古屋    |
| 名古屋    |
| 大阪      |
+-----------+
5 rows in set (0.00 sec)

```

附图
![4.3.png](/img/4.3.png)

# **4.4**

分别使用内连结和关联子查询每一类商品中售价最高的商品。

``` sql
SELECT product_name,
       product.product_type
  FROM product
 INNER JOIN (
       SELECT product_type, MAX(sale_price) AS MAX
         FROM product
        GROUP BY product_type) AS P
    ON product.product_type = P.product_type
   AND product.sale_price = P.MAX;

SELECT product_name,
       product_type
  FROM product AS P1
 WHERE sale_price =  (
       SELECT MAX(sale_price)
         FROM product AS P2
        WHERE P1.product_type = P2.product_type
        GROUP BY product_type      
 );
```

``` 
+--------------+--------------+
| product_name | product_type |
+--------------+--------------+
| 打孔器       | 办公用品     |
| 运动T恤      | 衣服         |
| 高压锅       | 厨房用具     |
+--------------+--------------+
3 rows in set (0.00 sec)

+--------------+--------------+
| product_name | product_type |
+--------------+--------------+
| 打孔器       | 办公用品     |
| 运动T恤      | 衣服         |
| 高压锅       | 厨房用具     |
+--------------+--------------+
3 rows in set (0.00 sec)

```

附图
![4.4.png](/img/4.4.png)

# **4.5**

用关联子查询实现：在 product 表中，取出 product\_id, product\_name, sale\_price, 并按照商品的售价从低到高进行排序、对售价进行累计求和。

``` sql
SELECT product_id,
       product_name,
       sale_price,
       (SELECT SUM(sale_price)
          FROM product AS PIN
         WHERE POUT.sale_price > PIN.sale_price
            OR (POUT.sale_price = PIN.sale_price  
           AND POUT.product_id >= PIN.product_id)) AS sum
  FROM product AS POUT
 ORDER BY sale_price;
```

``` 
+------------+--------------+------------+-------+
| product_id | product_name | sale_price | sum   |
+------------+--------------+------------+-------+
| 0008       | 圆珠笔       |        100 |   100 |
| 0002       | 打孔器       |        500 |   600 |
| 0006       | 叉子         |        500 |  1100 |
| 0007       | 擦菜板       |        880 |  1980 |
| 0001       | T恤          |       1000 |  2980 |
| 0004       | 菜刀         |       3000 |  5980 |
| 0003       | 运动T恤      |       4000 |  9980 |
| 0005       | 高压锅       |       6800 | 16780 |
+------------+--------------+------------+-------+
8 rows in set (0.00 sec)

```

![4.5.png](/img/4.5.png)
