# 练习题（请给出代码、包含代码及代码执行结果的截图）

## **5.1**

请说出针对本章中使用的 product（商品）表执行如下 SELECT 语句所能得到的结果。

```sql
SELECT product_id,
       product_name,
       sale_price,
       MAX(sale_price) OVER (ORDER BY product_id) AS Current_max_price
  FROM product;
```

答： 包含四列， 前三列是 product_id, product_name, sale_price, 第四列是按product_id排序后当前的最大sale_price

## **5.2**

继续使用product表，计算出按照登记日期（regist_date）升序进行排列的各日期的销售单价（sale_price）的总额。排序是需要将登记日期为NULL 的“运动 T 恤”记录排在第 1 位（也就是将其看作比其他日期都早）

```sql
SELECT regist_date,
       product_name,
       sale_price,
       SUM(sale_price) OVER (PARTITION BY regist_date ORDER BY regist_date) AS data_sum_price
  FROM product;
```

如果如下
```
+-------------+--------------+------------+----------------+
| regist_date | product_name | sale_price | data_sum_price |
+-------------+--------------+------------+----------------+
| NULL        | 运动T恤      |       4000 |           4000 |
| 2008-04-28  | 擦菜板       |        880 |            880 |
| 2009-01-15  | 高压锅       |       6800 |           6800 |
| 2009-09-11  | 打孔器       |        500 |            500 |
| 2009-09-20  | T恤          |       1000 |           4500 |
| 2009-09-20  | 菜刀         |       3000 |           4500 |
| 2009-09-20  | 叉子         |        500 |           4500 |
| 2009-11-11  | 圆珠笔       |        100 |            100 |
+-------------+--------------+------------+----------------+
8 rows in set (0.00 sec)

```

附图
![5.2.png](/img/5.2.png)

## **5.3**

思考题

① 窗口函数不指定PARTITION BY的效果是什么？

答： 全体数据为一组。

② 为什么说窗口函数只能在SELECT子句中使用？实际上，在ORDER BY 子句使用系统并不会报错。

窗口函数是实时分析处理， 在ORDER BY基础上运算。

## **5.4**

使用存储过程创建20个与 `shop.product` 表结构相同的表，如下图所示：

![图片](./img/ch05/ch0514-question5.4v2.png)

```sql
delimiter //
CREATE PROCEDURE create_table_20 ()
 BEGIN
       declare i INT;
       declare table_name VARCHAR(10);
       SET i = 01;
       WHILE i <= 20 DO
            SET table_name = CONCAT('table', i);
            SET @tmp = CONCAT('CREATE TABLE ', table_name, ' LIKE shop.product');
            PREPARE create_table_i from @tmp;
            EXECUTE create_table_i;
            SET i = i + 1;
       END WHILE;
   END //
call create_table_20();
```

结果如下
```
+------------------+
| Tables_in_shop   |
+------------------+
| chars            |
| empskills        |
| inventoryproduct |
| product          |
| product2         |
| productcopy      |
| productins       |
| producttype      |
| samplelike       |
| samplemath       |
| samplestr        |
| shopproduct      |
| skills           |
| table1           |
| table10          |
| table11          |
| table12          |
| table13          |
| table14          |
| table15          |
| table16          |
| table17          |
| table18          |
| table19          |
| table2           |
| table20          |
| table3           |
| table4           |
| table5           |
| table6           |
| table7           |
| table8           |
| table9           |
| view_product     |
+------------------+
34 rows in set (0.00 sec)

```
附图
![5.5.png](/img/5.5.png)